ID,Predicted
0,4.2237
1,3.90931
2,3.07352
3,3.71544
4,3.38985
5,2.36109
6,3.18144
7,3.4492
8,3.53643
9,3.17036
10,3.52613
11,3.48812
12,2.55753
13,2.50202
14,1.80952
15,4.32783
16,3.00174
17,3.61908
18,3.41615
19,2.15086
20,3.95057
21,3.94598
22,2.01525
23,4.54501
24,4.51646
25,3.69886
26,3.93959
27,3.36667
28,3.99973
29,3.44541
30,0.977072
31,4.1799
32,1.0993
33,3.56075
34,4.83678
35,3.06337
36,3.34311
37,2.5877
38,3.30296
39,3.51199
40,2.09139
41,4.31836
42,3.01189
43,4.22759
44,1.30605
45,3.02312
46,3.38901
47,3.95449
48,4.89842
49,4.00904
50,2.83117
51,3.81145
52,2.27423
53,3.63602
54,3.8577
55,4.27658
56,3.09127
57,4.67817
58,3.93951
59,3.44282
60,4.03356
61,3.95483
62,3.96221
63,3.00872
64,3.452
65,3.61116
66,4.52866
67,4.30118
68,3.4148
69,4.12709
70,3.82166
71,3.70131
72,3.69439
73,3.76048
74,4.12622
75,4.06255
76,2.59034
77,3.87832
78,2.76242
79,2.72084
80,2.78453
81,3.65489
82,4.59308
83,3.14914
84,4.37072
85,3.67202
86,3.62312
87,3.06412
88,2.73595
89,3.48049
90,1.83542
91,4.5037
92,3.82914
93,4.13798
94,3.9706
95,2.8817
96,2.52658
97,3.80603
98,4.02142
99,3.57908
100,3.34348
101,4.02386
102,3.7616
103,3.66611
104,4.34873
105,2.03967
106,3.62045
107,3.38167
108,3.89451
109,2.54817
110,2.43764
111,3.06391
112,3.47981
113,3.01148
114,3.83941
115,2.51298
116,3.8243
117,3.22426
118,3.73124
119,4.02647
120,2.89695
121,4.40841
122,3.55964
123,4.01368
124,3.32445
125,2.67327
126,2.33406
127,4.72383
128,3.81862
129,3.42068
130,3.25919
131,3.72235
132,4.00948
133,4.24791
134,3.76706
135,3.78532
136,4.18638
137,3.15741
138,3.72184
139,4.27787
140,2.8739
141,4.01918
142,1.9195
143,3.57791
144,3.43091
145,2.53927
146,3.53091
147,4.60225
148,4.33328
149,3.1757
150,3.17446
151,1.68876
152,2.73598
153,2.01978
154,1.72363
155,3.85881
156,4.34515
157,1.24508
158,4.05891
159,4.27733
160,4.55742
161,1.95423
162,3.85049
163,3.40673
164,2.89947
165,3.44792
166,3.64271
167,4.30036
168,3.72835
169,3.48687
170,3.94405
171,3.88427
172,3.85386
173,3.76019
174,2.55653
175,4.10261
176,4.65026
177,3.90506
178,3.35221
179,3.68204
180,3.54868
181,3.46762
182,3.74067
183,3.88805
184,2.79151
185,2.13776
186,4.04596
187,3.91624
188,3.13051
189,3.87986
190,3.73624
191,3.91816
192,4.16752
193,3.74955
194,3.9711
195,1.82156
196,3.69535
197,3.91652
198,3.27962
199,3.0006
200,4.00072
201,4.3032
202,3.11394
203,2.27805
204,2.88505
205,3.67768
206,3.50033
207,3.98286
208,3.18986
209,3.76161
210,2.93072
211,4.01912
212,2.95973
213,2.55781
214,1.75141
215,3.27788
216,3.69792
217,2.4291
218,2.80565
219,3.43778
220,3.02099
221,3.31104
222,3.64057
223,4.11703
224,3.76
225,3.4307
226,3.3732
227,3.82784
228,4.43201
229,2.8946
230,3.37286
231,2.80817
232,2.41087
233,4.08503
234,3.99451
235,3.84934
236,4.07355
237,3.79794
238,2.84251
239,2.572
240,3.65708
241,4.08889
242,2.5552
243,3.67922
244,2.39425
245,3.84147
246,2.84075
247,2.95087
248,3.4801
249,2.66888
250,2.34151
251,2.22324
252,3.84811
253,1.68549
254,4.11389
255,3.10137
256,2.75507
257,3.76596
258,4.0405
259,3.44153
260,3.45795
261,3.77193
262,3.43594
263,3.56712
264,3.92285
265,3.64373
266,3.85224
267,3.80345
268,3.1638
269,3.05727
270,2.97665
271,4.15669
272,3.36229
273,3.59936
274,4.16774
275,3.98618
276,3.92325
277,3.58705
278,4.14784
279,2.46904
280,3.38473
281,4.64836
282,3.37067
283,3.4454
284,3.71695
285,2.85215
286,4.16915
287,2.61386
288,4.03453
289,4.28899
290,3.70858
291,2.75285
292,4.54176
293,3.77064
294,1.99699
295,2.81301
296,2.3341
297,4.29914
298,4.48492
299,2.23805
300,3.82604
301,3.32383
302,2.83333
303,3.47625
304,4.13328
305,2.78581
306,3.96694
307,2.9504
308,3.85481
309,4.13318
310,3.98331
311,3.28989
312,3.11861
313,1.99814
314,3.95138
315,2.58334
316,2.45648
317,2.93161
318,3.35537
319,3.77087
320,4.52646
321,4.68113
322,3.43855
323,3.68139
324,3.96628
325,3.77497
326,3.66075
327,3.76161
328,3.32769
329,3.80878
330,4.17161
331,3.6555
332,2.56088
333,4.2884
334,3.8763
335,2.76399
336,3.16268
337,4.06534
338,3.9203
339,2.93322
340,3.46379
341,3.84412
342,3.56562
343,1.82353
344,3.82514
345,3.48476
346,4.1392
347,2.34607
348,3.95612
349,3.30885
350,3.77722
351,2.31631
352,3.48171
353,3.27163
354,3.58594
355,3.32174
356,3.61337
357,4.23559
358,3.86713
359,3.61006
360,3.8395
361,3.94354
362,2.11765
363,2.94163
364,3.77902
365,2.15395
366,4.38808
367,4.1868
368,2.75468
369,4.11007
370,3.94431
371,2.7898
372,2.682
373,3.66201
374,3.59971
375,3.35925
376,4.22726
377,3.92652
378,3.97184
379,3.06063
380,4.1078
381,3.24243
382,3.29531
383,3.31754
384,0.996098
385,3.32053
386,4.40571
387,4.31408
388,3.90988
389,3.61988
390,3.92281
391,3.99982
392,3.43519
393,3.99298
394,4.21707
395,3.51847
396,2.89264
397,2.6989
398,2.80809
399,3.92852
400,3.42544
401,3.95134
402,3.74737
403,2.49736
404,4.53982
405,3.77549
406,4.3525
407,3.89487
408,3.09129
409,2.94412
410,3.31566
411,3.63758
412,4.67244
413,2.83438
414,3.96571
415,3.82489
416,3.86728
417,3.0739
418,4.42843
419,2.31008
420,2.6905
421,3.86003
422,2.73224
423,4.4495
424,3.28258
425,3.08709
426,2.96468
427,3.66086
428,3.25489
429,3.31536
430,3.39415
431,3.65881
432,3.72418
433,4.59054
434,4.00226
435,4.24524
436,3.58494
437,3.82325
438,3.73086
439,3.17421
440,3.82696
441,3.97664
442,3.94396
443,3.97755
444,4.18707
445,2.36187
446,2.53403
447,3.28362
448,2.76641
449,3.88145
450,4.54712
451,4.83298
452,3.5611
453,3.15973
454,3.16819
455,3.62385
456,3.53083
457,4.40007
458,3.18247
459,4.2274
460,4.24513
461,4.28211
462,3.34024
463,3.60685
464,2.94406
465,3.38044
466,4.16536
467,1.5906
468,3.10912
469,1.34492
470,4.01126
471,3.31588
472,4.10729
473,4.42592
474,4.07104
475,2.68965
476,3.4292
477,3.81898
478,1.9664
479,3.34737
480,3.36154
481,2.6849
482,3.70864
483,3.37202
484,4.53889
485,4.2647
486,1.84874
487,3.78625
488,3.68004
489,3.15835
490,3.68929
491,2.83742
492,3.19059
493,4.473
494,2.84672
495,3.99303
496,3.1689
497,4.3226
498,3.09836
499,2.41147
500,2.58299
501,3.09911
502,3.10417
503,4.2225
504,3.1419
505,3.88175
506,4.41183
507,3.3479
508,3.53513
509,4.10343
510,2.1359
511,3.71782
512,3.79488
513,4.00108
514,4.68105
515,3.31409
516,4.76636
517,1.93464
518,3.94226
519,3.16002
520,3.7554
521,2.29919
522,3.51823
523,3.75902
524,4.28139
525,3.63765
526,3.81548
527,3.49351
528,2.50132
529,3.50968
530,3.07747
531,4.19933
532,3.44292
533,4.17829
534,1.84976
535,3.02475
536,4.04201
537,4.21144
538,0.379575
539,4.07882
540,3.39263
541,3.19819
542,3.54733
543,3.57068
544,3.71684
545,2.52089
546,3.51993
547,3.01638
548,4.062
549,1.82511
550,4.15433
551,3.38259
552,3.15209
553,3.95109
554,3.57412
555,4.2035
556,3.86702
557,1.8408
558,3.35873
559,3.25557
560,4.51674
561,3.71931
562,3.61001
563,3.87231
564,4.2616
565,3.45509
566,3.51188
567,3.58925
568,4.01083
569,2.62507
570,2.85156
571,3.72628
572,3.24364
573,4.252
574,3.34912
575,3.43079
576,3.84173
577,3.27587
578,4.64212
579,3.77112
580,2.44115
581,4.35265
582,3.12108
583,2.28455
584,3.78236
585,3.85714
586,3.42845
587,2.60328
588,3.93684
589,3.78876
590,1.77505
591,2.73359
592,3.94066
593,3.46883
594,3.26133
595,3.33789
596,3.50026
597,4.2638
598,3.31007
599,3.83271
600,3.63487
601,3.42959
602,3.44813
603,2.38708
604,2.03504
605,3.39606
606,2.97331
607,3.55118
608,2.4735
609,3.94557
610,2.94396
611,3.25396
612,4.51546
613,3.24423
614,3.23831
615,3.12419
616,3.37723
617,2.49587
618,3.74695
619,3.68177
620,3.75096
621,3.76556
622,3.52353
623,4.33001
624,1.85432
625,3.44825
626,5
627,3.35913
628,1.71991
629,3.50856
630,4.20227
631,4.22231
632,3.42849
633,4.42331
634,3.60399
635,4.06317
636,3.85932
637,3.56859
638,3.49653
639,3.87513
640,2.39871
641,3.2905
642,3.86656
643,4.36347
644,3.56316
645,3.12942
646,3.73297
647,3.36652
648,0
649,4.20039
650,3.85697
651,3.32627
652,3.31963
653,3.49938
654,2.90857
655,2.32073
656,3.66017
657,3.76612
658,1.03604
659,4.07104
660,3.34969
661,2.12086
662,3.63828
663,3.69953
664,3.87498
665,3.49418
666,3.67848
667,2.78839
668,4.03951
669,4.37395
670,3.98945
671,3.74396
672,4.03763
673,3.59169
674,3.62568
675,2.5867
676,2.75246
677,3.90041
678,3.51073
679,3.43305
680,2.69095
681,3.61821
682,3.00811
683,3.88556
684,3.09693
685,4.2875
686,3.98742
687,3.91346
688,3.48651
689,2.99422
690,3.49583
691,3.95958
692,3.83616
693,3.95365
694,2.90478
695,3.02724
696,4.15433
697,3.14746
698,3.96866
699,4.09921
700,4.05716
701,4.48819
702,3.84676
703,2.86322
704,2.2627
705,3.88934
706,3.29927
707,3.03901
708,2.65638
709,4.0804
710,2.55117
711,4.2674
712,3.32129
713,3.46331
714,2.32077
715,2.11741
716,3.46284
717,4.08721
718,3.83124
719,3.57171
720,3.85469
721,3.97005
722,4.3133
723,2.6664
724,3.87826
725,3.99529
726,3.59019
727,3.8232
728,3.85012
729,3.82986
730,3.47934
731,4.22321
732,4.07176
733,3.44026
734,2.98696
735,3.01257
736,4.07015
737,3.06115
738,3.81825
739,3.66347
740,3.80475
741,3.41152
742,3.3817
743,3.65387
744,3.78418
745,4.01833
746,4.36569
747,2.66327
748,3.13759
749,4.12971
750,4.3424
751,3.12907
752,3.75557
753,2.38489
754,3.34699
755,2.32619
756,3.29513
757,4.29666
758,4.00835
759,3.49581
760,3.12099
761,3.97894
762,3.48868
763,4.08313
764,2.51418
765,2.94987
766,3.42747
767,4.03261
768,3.8074
769,2.88135
770,4.29739
771,3.54112
772,4.18313
773,3.54925
774,4.73519
775,3.36494
776,3.97261
777,3.65636
778,3.9133
779,3.36137
780,3.4928
781,3.0511
782,3.41241
783,2.48864
784,3.71096
785,3.59485
786,2.81048
787,0.979254
788,3.86685
789,3.89519
790,3.67827
791,2.96712
792,2.98631
793,3.84325
794,3.04275
795,3.97925
796,2.67629
797,2.52669
798,3.801
799,2.50257
800,3.78048
801,3.4313
802,3.63583
803,3.8046
804,2.7543
805,2.92098
806,4.18513
807,3.24699
808,3.0224
809,3.68137
810,4.57182
811,2.5251
812,4.77102
813,4.30533
814,3.38448
815,4.40323
816,3.64074
817,3.93225
818,3.94338
819,4.16241
820,4.33479
821,3.68322
822,3.92736
823,4.20046
824,3.67971
825,3.15565
826,4.15515
827,1.92514
828,4.00505
829,2.46053
830,3.85117
831,3.49543
832,3.71354
833,4.1047
834,3.33784
835,2.77213
836,3.10125
837,4.35459
838,3.95439
839,2.05681
840,3.86256
841,4.38295
842,3.2299
843,3.52433
844,3.28671
845,3.91987
846,4.20094
847,3.70574
848,4.40515
849,3.87061
850,3.71849
851,3.17372
852,3.44274
853,4.15845
854,2.89734
855,3.69335
856,3.57935
857,2.92518
858,2.96542
859,2.60321
860,3.9593
861,4.40753
862,1.85588
863,2.12083
864,3.2587
865,2.76862
866,1.36722
867,3.27782
868,4.04748
869,3.36806
870,3.93688
871,2.83381
872,2.86006
873,4.00336
874,4.02413
875,3.78073
876,3.51715
877,3.70241
878,1.02093
879,3.17605
880,2.5649
881,4.06843
882,3.84611
883,3.44351
884,2.05854
885,3.42112
886,3.88426
887,3.78464
888,2.8518
889,2.22161
890,2.98913
891,3.37162
892,2.66176
893,4.221
894,3.18406
895,4.05191
896,3.14382
897,4.33318
898,2.84047
899,2.65584
900,2.96104
901,3.31485
902,0.883026
903,3.98952
904,3.94168
905,3.93625
906,2.74474
907,4.30863
908,2.58578
909,4.27277
910,3.2913
911,3.41816
912,4.78738
913,2.37813
914,3.87613
915,3.85616
916,3.53786
917,3.76515
918,3.97727
919,3.82553
920,2.11968
921,3.07348
922,4.13449
923,2.84457
924,4.05597
925,4.34901
926,3.43921
927,3.80002
928,4.71761
929,4.05266
930,1.72455
931,1.74771
932,3.98127
933,3.7513
934,3.68148
935,3.90812
936,4.69259
937,3.40558
938,3.31912
939,4.21561
940,3.65813
941,3.48119
942,3.2208
943,4.39102
944,4.03797
945,2.7059
946,3.311
947,4.17787
948,2.08153
949,3.66887
950,3.39675
951,4.06062
952,3.72846
953,3.74461
954,2.9427
955,3.86037
956,3.97729
957,2.79626
958,4.36851
959,3.65039
960,3.87053
961,4.66174
962,3.93866
963,3.80065
964,2.94677
965,3.66968
966,3.71619
967,3.82751
968,3.5456
969,4.16821
970,3.80493
971,4.19451
972,4.20747
973,3.06285
974,2.79985
975,3.61795
976,4.21623
977,1.54494
978,3.29799
979,3.51423
980,4.07753
981,3.82257
982,3.15101
983,3.99936
984,4.14269
985,3.0677
986,3.33344
987,4.05786
988,4.12595
989,3.15669
990,2.83343
991,1.85043
992,3.4409
993,4.58354
994,3.8343
995,2.746
996,3.82617
997,3.86554
998,3.34147
999,4.29857
1000,3.9747
1001,3.79339
1002,3.19936
1003,4.08206
1004,4.01327
1005,4.17881
1006,3.43804
1007,3.00801
1008,1.78892
1009,2.30104
1010,2.59922
1011,4.11152
1012,3.24926
1013,2.56947
1014,4.01621
1015,3.51376
1016,2.40789
1017,3.94192
1018,4.01658
1019,3.16128
1020,3.75252
1021,2.54141
1022,2.64692
1023,4.14996
1024,4.3763
1025,4.26747
1026,2.83162
1027,4.0299
1028,3.16729
1029,3.93176
1030,2.4289
1031,2.95676
1032,3.58941
1033,3.8424
1034,3.55968
1035,3.71869
1036,3.07701
1037,3.93026
1038,2.87546
1039,3.1545
1040,3.96274
1041,2.06266
1042,3.27923
1043,3.17396
1044,3.5187
1045,3.2713
1046,3.72425
1047,3.12013
1048,4.36215
1049,3.11176
1050,4.03645
1051,3.88705
1052,3.91106
1053,4.46245
1054,3.42486
1055,4.03214
1056,3.38715
1057,3.62121
1058,3.14792
1059,4.27902
1060,3.75997
1061,3.64356
1062,3.53079
1063,2.56319
1064,3.51378
1065,3.83735
1066,3.65819
1067,2.13535
1068,4.1017
1069,3.98983
1070,4.1645
1071,3.98545
1072,4.33691
1073,1.64588
1074,2.24671
1075,3.69279
1076,4.14123
1077,2.05418
1078,3.36032
1079,3.27721
1080,3.09591
1081,3.88496
1082,4.06337
1083,3.12194
1084,3.82047
1085,3.64132
1086,3.85748
1087,3.74192
1088,3.54281
1089,3.66331
1090,2.51785
1091,2.32543
1092,2.77726
1093,3.28125
1094,4.18127
1095,3.68684
1096,3.82975
1097,3.10129
1098,3.57318
1099,4.29643
1100,3.5754
1101,3.29782
1102,3.74934
1103,3.70777
1104,2.82666
1105,4.30695
1106,2.93993
1107,4.02917
1108,3.98758
1109,3.21174
1110,3.77
1111,3.64323
1112,4.18025
1113,3.11914
1114,3.35704
1115,3.71266
1116,3.47177
1117,4.06282
1118,3.75905
1119,4.4729
1120,3.75957
1121,3.40475
1122,2.55068
1123,2.54241
1124,3.72943
1125,3.1273
1126,4.06744
1127,2.91853
1128,3.58409
1129,3.79059
1130,3.64767
1131,2.95872
1132,3.03843
1133,2.95483
1134,3.14835
1135,2.2716
1136,1.95318
1137,1.92974
1138,3.67457
1139,4.41467
1140,2.87223
1141,2.558
1142,2.44206
1143,3.62431
1144,4.21654
1145,3.9214
1146,3.92891
1147,3.95149
1148,2.202
1149,2.73913
1150,3.49376
1151,2.92095
1152,3.23473
1153,3.89437
1154,3.37647
1155,3.63667
1156,3.9448
1157,3.46474
1158,4.48788
1159,4.415
1160,3.27421
1161,3.47566
1162,2.44823
1163,3.34721
1164,3.71993
1165,3.25427
1166,3.98027
1167,4.32996
1168,3.07652
1169,3.96747
1170,3.93119
1171,4.30516
1172,4.14705
1173,3.96237
1174,3.26346
1175,4.24389
1176,4.14278
1177,3.11934
1178,3.27769
1179,4.05114
1180,3.71343
1181,3.76446
1182,4.29437
1183,3.91724
1184,3.93738
1185,4.63208
1186,3.47138
1187,3.43551
1188,2.36186
1189,2.1095
1190,4.27184
1191,3.26296
1192,4.15528
1193,2.59417
1194,3.3744
1195,2.49447
1196,4.05233
1197,3.94727
1198,2.7037
1199,3.83308
1200,3.9828
1201,4.20578
1202,4.06133
1203,3.66615
1204,3.13642
1205,3.9106
1206,4.30911
1207,4.30573
1208,3.85086
1209,2.68395
1210,3.14161
1211,3.81741
1212,3.99655
1213,2.88347
1214,0
1215,3.55983
1216,3.87935
1217,4.16302
1218,4.68897
1219,3.55809
1220,3.77505
1221,2.82448
1222,2.92061
1223,2.33114
1224,3.55762
1225,2.77918
1226,4.14362
1227,4.17446
1228,2.34741
1229,2.32088
1230,3.54683
1231,3.63635
1232,4.356
1233,3.42477
1234,2.99908
1235,3.89523
1236,2.1264
1237,2.73228
1238,3.22696
1239,3.44819
1240,2.73915
1241,4.28407
1242,3.00865
1243,4.15957
1244,2.7981
1245,3.71801
1246,2.65906
1247,4.42442
1248,3.609
1249,3.69227
1250,3.80408
1251,4.14793
1252,3.2312
1253,3.57788
1254,3.48261
1255,3.22097
1256,3.18158
1257,3.33981
1258,1.60641
1259,3.39937
1260,2.71075
1261,3.74038
1262,4.08228
1263,2.95079
1264,3.68718
1265,3.71824
1266,2.79675
1267,3.161
1268,3.76365
1269,3.68208
1270,3.96292
1271,3.70611
1272,3.22759
1273,3.46095
1274,3.5045
1275,3.80976
1276,3.7885
1277,3.86563
1278,3.5856
1279,3.33716
1280,1.62465
1281,4.04916
1282,3.30801
1283,3.23103
1284,3.50454
1285,3.07636
1286,4.5361
1287,3.24666
1288,4.42455
1289,2.75696
1290,2.24429
1291,2.05955
1292,3.76636
1293,3.88402
1294,3.47222
1295,2.45179
1296,4.01137
1297,4.12765
1298,2.09441
1299,4.23016
1300,3.61929
1301,3.77069
1302,4.25653
1303,2.3547
1304,3.05194
1305,3.82323
1306,3.91042
1307,3.35338
1308,3.27188
1309,3.72735
1310,2.54009
1311,3.32193
1312,4.26985
1313,4.12346
1314,4.21609
1315,3.81192
1316,3.5615
1317,3.7302
1318,1.87389
1319,3.49281
1320,4.04543
1321,3.93008
1322,2.71962
1323,2.2558
1324,3.69143
1325,4.16161
1326,3.76371
1327,4.3444
1328,3.06115
1329,4.08145
1330,3.62004
1331,3.63338
1332,3.64331
1333,2.94181
1334,2.48809
1335,4.03183
1336,3.75055
1337,2.34033
1338,2.82029
1339,1.42934
1340,4.20378
1341,4.54179
1342,4.14524
1343,4.08841
1344,2.96345
1345,3.81123
1346,4.09066
1347,3.7458
1348,3.10278
1349,1.28729
1350,3.35745
1351,3.28196
1352,3.7548
1353,4.17815
1354,3.81068
1355,4.08489
1356,3.72366
1357,3.93028
1358,3.49668
1359,2.95908
1360,3.85623
1361,3.65314
1362,3.05849
1363,1.85763
1364,3.15852
1365,3.35089
1366,3.36388
1367,3.61381
1368,2.49355
1369,3.34098
1370,4.1165
1371,3.75688
1372,2.22955
1373,3.68726
1374,3.14516
1375,3.7904
1376,3.70723
1377,3.99729
1378,3.77474
1379,3.12413
1380,3.2038
1381,2.76695
1382,2.30428
1383,3.91547
1384,2.89437
1385,3.34513
1386,3.00176
1387,3.77915
1388,1.84067
1389,3.9588
1390,4.78225
1391,3.2056
1392,3.31831
1393,3.47099
1394,3.04714
1395,3.80578
1396,3.47227
1397,3.43252
1398,4.07163
1399,4.1596
1400,3.76819
1401,3.84075
1402,4.01424
1403,3.87795
1404,3.32964
1405,3.33489
1406,4.04607
1407,3.26569
1408,3.25484
1409,4.18787
1410,4.27769
1411,3.88982
1412,3.98924
1413,3.51994
1414,3.25793
1415,2.57835
1416,3.51364
1417,3.58744
1418,2.86536
1419,2.4764
1420,3.96248
1421,2.76073
1422,3.37893
1423,2.015
1424,4.17458
1425,3.25916
1426,3.57328
1427,4.46313
1428,4.02375
1429,4.38485
1430,3.51001
1431,2.30875
1432,3.81991
1433,3.78186
1434,4.25785
1435,2.75818
1436,2.73193
1437,3.38197
1438,3.92761
1439,4.39553
1440,3.48678
1441,3.90011
1442,2.56902
1443,3.32674
1444,4.28942
1445,4.13991
1446,3.79773
1447,4.12433
1448,4.21543
1449,4.61078
1450,3.75541
1451,1.9143
1452,4.11158
1453,3.21146
1454,4.43593
1455,3.31707
1456,4.13318
1457,4.12985
1458,3.9098
1459,3.45697
1460,3.3678
1461,3.64525
1462,3.19038
1463,3.7486
1464,4.7406
1465,3.02377
1466,3.8448
1467,2.62485
1468,3.78879
1469,4.2643
1470,4.08827
1471,2.86668
1472,3.11151
1473,3.62289
1474,2.04149
1475,4.15079
1476,3.21995
1477,3.97866
1478,1.80835
1479,3.68988
1480,2.72616
1481,3.15914
1482,3.13266
1483,3.73236
1484,3.03542
1485,4.29117
1486,3.16298
1487,4.15538
1488,3.21788
1489,3.31002
1490,3.86289
1491,2.13807
1492,3.3817
1493,3.21769
1494,3.40369
1495,2.65417
1496,3.7852
1497,3.84785
1498,4.06286
1499,4.10301
1500,3.10206
1501,2.99177
1502,3.94045
1503,4.18249
1504,4.04945
1505,4.02838
1506,4.20827
1507,2.58035
1508,4.26738
1509,3.85026
1510,4.14701
1511,3.96482
1512,3.74541
1513,3.57973
1514,3.75443
1515,4.20852
1516,3.82415
1517,3.19243
1518,4.16943
1519,3.56466
1520,3.72392
1521,3.37467
1522,4.17517
1523,3.68411
1524,3.99423
1525,3.36211
1526,3.48496
1527,3.30299
1528,4.0572
1529,3.85958
1530,3.47918
1531,4.10214
1532,2.4367
1533,3.52681
1534,3.31658
1535,2.75983
1536,3.78457
1537,3.40624
1538,3.17789
1539,3.57409
1540,4.31426
1541,3.7614
1542,4.41869
1543,3.65398
1544,3.71641
1545,3.36391
1546,3.79918
1547,4.08705
1548,3.21265
1549,2.85049
1550,3.73935
1551,3.53056
1552,3.69801
1553,1.61466
1554,2.57087
1555,3.96874
1556,3.18783
1557,4.00159
1558,2.91139
1559,2.60698
1560,3.22135
1561,3.15592
1562,2.90235
1563,4.02473
1564,3.50207
1565,3.38881
1566,3.15507
1567,3.21678
1568,1.84433
1569,3.08403
1570,1.74234
1571,3.67321
1572,4.04698
1573,3.88995
1574,4.4673
1575,4.48873
1576,3.74439
1577,3.77848
1578,3.97185
1579,2.19734
1580,3.99038
1581,3.06219
1582,3.30489
1583,3.05456
1584,4.2185
1585,3.69157
1586,3.34359
1587,4.23181
1588,4.53418
1589,2.52242
1590,3.90597
1591,3.6311
1592,3.79463
1593,3.70999
1594,2.39084
1595,3.61104
1596,3.00769
1597,3.76553
1598,3.16862
1599,3.22429
1600,2.89491
1601,2.0882
1602,4.01395
1603,3.45872
1604,4.09943
1605,2.43385
1606,4.12635
1607,3.27718
1608,3.6624
1609,3.50448
1610,3.90014
1611,3.18826
1612,3.45572
1613,2.99178
1614,3.3664
1615,4.0156
1616,3.68384
1617,2.90797
1618,4.15006
1619,3.23857
1620,2.58661
1621,4.20859
1622,3.57729
1623,4.16545
1624,3.82542
1625,3.83338
1626,2.50029
1627,2.59522
1628,4.48284
1629,3.54224
1630,3.52194
1631,4.11471
1632,3.12458
1633,3.12297
1634,4.16238
1635,2.95163
1636,4.05101
1637,4.37625
1638,1.90028
1639,3.681
1640,3.59399
1641,4.10946
1642,3.67051
1643,4.20313
1644,3.78802
1645,4.27621
1646,4.02059
1647,3.70483
1648,3.93531
1649,3.2208
1650,4.74837
1651,3.46364
1652,3.59482
1653,3.64358
1654,1.74012
1655,3.80729
1656,3.53204
1657,4.32977
1658,3.10024
1659,4.05025
1660,3.02188
1661,3.90009
1662,3.96438
1663,3.13775
1664,4.87316
1665,4.25107
1666,3.63749
1667,3.35115
1668,4.01806
1669,2.31378
1670,4.97987
1671,3.22833
1672,3.09069
1673,3.21924
1674,4.17141
1675,4.09848
1676,3.55587
1677,3.75186
1678,2.72929
1679,1.48985
1680,1.00498
1681,3.13007
1682,3.31156
1683,4.44284
1684,3.66793
1685,3.87682
1686,1.78459
1687,2.48027
1688,3.53994
1689,3.62539
1690,2.74478
1691,3.44923
1692,4.10327
1693,2.30104
1694,3.80726
1695,2.66207
1696,2.61529
1697,3.44115
1698,3.36706
1699,3.79985
1700,3.62724
1701,3.43732
1702,3.65964
1703,4.5005
1704,3.05324
1705,4.03715
1706,3.80611
1707,3.47391
1708,4.00497
1709,4.34237
1710,3.95446
1711,2.60851
1712,2.80534
1713,3.79012
1714,3.64647
1715,2.73488
1716,3.45566
1717,3.76543
1718,2.47573
1719,2.92
1720,3.50828
1721,3.73016
1722,2.65037
1723,3.92627
1724,2.57881
1725,3.32333
1726,3.32618
1727,2.62291
1728,2.48051
1729,4.03865
1730,3.81929
1731,2.77924
1732,3.9008
1733,4.20705
1734,3.65043
1735,1.77173
1736,3.78602
1737,3.17955
1738,4.61349
1739,3.48314
1740,3.79222
1741,3.43096
1742,3.85048
1743,4.28139
1744,4.37464
1745,3.49128
1746,3.6487
1747,2.21554
1748,3.18337
1749,3.7829
1750,3.51296
1751,2.71968
1752,3.312
1753,2.81732
1754,2.43537
1755,3.75335
1756,3.46412
1757,3.24013
1758,3.56494
1759,4.06647
1760,3.9154
1761,4.30506
1762,3.45635
1763,2.66244
1764,3.75554
1765,4.03935
1766,3.20686
1767,3.79545
1768,2.83262
1769,4.11893
1770,3.7845
1771,3.71806
1772,3.74196
1773,3.95703
1774,2.5203
1775,1.66371
1776,3.56568
1777,3.86645
1778,3.59818
1779,3.61844
1780,2.96398
1781,3.86796
1782,2.66924
1783,3.03048
1784,3.90166
1785,2.30478
1786,3.86896
1787,4.19648
1788,3.74706
1789,3.55991
1790,4.15134
1791,3.79145
1792,2.51204
1793,4.34746
1794,3.31143
1795,3.62205
1796,3.4588
1797,4.01359
1798,1.83064
1799,2.43983
1800,3.5803
1801,4.44595
1802,2.66997
1803,3.96629
1804,4.16791
1805,3.53868
1806,2.88947
1807,3.89236
1808,3.92622
1809,2.03194
1810,3.2817
1811,3.64231
1812,4.17431
1813,4.08203
1814,3.06007
1815,3.92427
1816,4.28932
1817,3.82581
1818,4.10755
1819,3.99606
1820,4.06189
1821,3.13203
1822,3.95076
1823,3.72289
1824,2.91745
1825,2.27155
1826,3.62337
1827,3.93161
1828,2.9217
1829,3.43339
1830,4.02898
1831,3.58849
1832,3.50014
1833,4.39504
1834,3.86261
1835,3.85729
1836,3.65838
1837,2.93146
1838,3.81905
1839,4.54968
1840,3.02846
1841,3.59617
1842,3.07999
1843,2.88876
1844,3.99043
1845,3.52339
1846,2.74548
1847,4.01702
1848,3.58089
1849,2.65022
1850,4.0958
1851,3.51741
1852,3.64368
1853,3.83057
1854,3.64189
1855,4.20209
1856,3.88343
1857,3.44847
1858,3.61355
1859,4.108
1860,3.39205
1861,3.82619
1862,2.97709
1863,2.99374
1864,2.72493
1865,4.08914
1866,3.54501
1867,4.07088
1868,1.93715
1869,3.72794
1870,3.76233
1871,4.05648
1872,4.14892
1873,4.17353
1874,3.9401
1875,3.98067
1876,3.81989
1877,3.42612
1878,2.80233
1879,3.15466
1880,2.41328
1881,2.04904
1882,2.9511
1883,3.28389
1884,1.79649
1885,3.43938
1886,3.46328
1887,3.0304
1888,2.95102
1889,3.83024
1890,4.9431
1891,3.82761
1892,4.21987
1893,2.86003
1894,3.2276
1895,3.34642
1896,4.25022
1897,3.82459
1898,2.42036
1899,2.98043
1900,3.94365
1901,2.02018
1902,3.46305
1903,3.77862
1904,3.55847
1905,3.76764
1906,2.76278
1907,3.82857
1908,4.16811
1909,3.35378
1910,4.29008
1911,3.47762
1912,3.82258
1913,2.70843
1914,3.54947
1915,3.48529
1916,3.12742
1917,3.90454
1918,2.87146
1919,2.21273
1920,3.99778
1921,4.2029
1922,3.67162
1923,4.39166
1924,4.09051
1925,3.81221
1926,3.57264
1927,3.16355
1928,4.14309
1929,3.27751
1930,2.84457
1931,3.75411
1932,4.21065
1933,3.47763
1934,4.52519
1935,3.37383
1936,1.74521
1937,3.31217
1938,2.58325
1939,3.44851
1940,3.74447
1941,3.90332
1942,3.39568
1943,2.11549
1944,3.83945
1945,3.21803
1946,3.58499
1947,2.00947
1948,4.53057
1949,3.77055
1950,3.95392
1951,4.24724
1952,4.16123
1953,3.72825
1954,3.71009
1955,3.30973
1956,3.23403
1957,3.76162
1958,3.80418
1959,2.78206
1960,2.14414
1961,4.22997
1962,3.17992
1963,3.75516
1964,2.23007
1965,4.16336
1966,4.04392
1967,3.41764
1968,3.88259
1969,4.14768
1970,2.80718
1971,3.37184
1972,3.80322
1973,3.63862
1974,2.73257
1975,1.82704
1976,1.47237
1977,3.59151
1978,4.57495
1979,2.60097
1980,4.17997
1981,3.58192
1982,4.13671
1983,3.9408
1984,4.33918
1985,3.94516
1986,3.25954
1987,1.16111
1988,3.53961
1989,2.29375
1990,2.89313
1991,3.24963
1992,3.64241
1993,2.19438
1994,3.20306
1995,2.4912
1996,2.59462
1997,3.16766
1998,1.85446
1999,3.39847
2000,3.59449
2001,3.77297
2002,3.09551
2003,2.98622
2004,4.54217
2005,3.74944
2006,3.75109
2007,4.02115
2008,3.89619
2009,3.8085
2010,3.46017
2011,3.72862
2012,4.06599
2013,1.77604
2014,3.19874
2015,3.46106
2016,4.15458
2017,4.53329
2018,3.58221
2019,2.87078
2020,3.79747
2021,4.34569
2022,3.91714
2023,4.37613
2024,2.26997
2025,3.86015
2026,2.30298
2027,4.06269
2028,3.10684
2029,3.64093
2030,2.1044
2031,3.80942
2032,3.99577
2033,3.83965
2034,4.08725
2035,4.09203
2036,3.05989
2037,3.90419
2038,4.0767
2039,4.16683
2040,1.62686
2041,3.87613
2042,3.2893
2043,3.91321
2044,3.4398
2045,4.04654
2046,3.9531
2047,4.03378
2048,4.04642
2049,3.22792
2050,4.01846
2051,3.57625
2052,3.73109
2053,3.28016
2054,4.17198
2055,3.75755
2056,3.44576
2057,4.14336
2058,3.41279
2059,2.80132
2060,3.86183
2061,2.94659
2062,3.55655
2063,4.4834
2064,4.16734
2065,3.58789
2066,3.50912
2067,3.81082
2068,3.50347
2069,3.91307
2070,3.26128
2071,3.45177
2072,2.98995
2073,3.97461
2074,3.91426
2075,4.00871
2076,2.12905
2077,3.43224
2078,3.7708
2079,2.75522
2080,3.91107
2081,4.18441
2082,3.34899
2083,3.44062
2084,3.55703
2085,3.484
2086,4.154
2087,3.6811
2088,3.88827
2089,3.60038
2090,1.9938
2091,3.33597
2092,4.11362
2093,3.23863
2094,3.96996
2095,3.33876
2096,3.69462
2097,3.73434
2098,3.61451
2099,2.84766
2100,3.48809
2101,3.41937
2102,4.37887
2103,3.54471
2104,2.79466
2105,3.7249
2106,1.77729
2107,4.00625
2108,3.90236
2109,3.99389
2110,3.66473
2111,3.33132
2112,3.4273
2113,4.47467
2114,4.06109
2115,3.4181
2116,3.22327
2117,4.00055
2118,3.58612
2119,3.17765
2120,2.82755
2121,2.87527
2122,3.19916
2123,3.88482
2124,3.84145
2125,4.12124
2126,4.1717
2127,3.08396
2128,3.94401
2129,1.45949
2130,3.10238
2131,3.155
2132,4.54237
2133,2.17338
2134,2.70263
2135,3.33514
2136,2.93816
2137,2.21246
2138,3.73217
2139,3.12115
2140,3.71769
2141,3.53115
2142,3.94227
2143,2.31313
2144,2.90295
2145,3.77222
2146,3.36335
2147,3.10564
2148,3.46037
2149,2.82722
2150,4.41665
2151,3.8713
2152,3.59582
2153,3.24755
2154,3.22511
2155,3.67538
2156,3.86198
2157,3.47109
2158,2.87404
2159,4.15022
2160,3.56774
2161,4.03385
2162,3.93217
2163,3.25763
2164,3.44406
2165,4.17061
2166,4.45871
2167,3.66098
2168,3.76057
2169,4.51624
2170,2.7133
2171,4.36024
2172,3.71679
2173,3.11861
2174,2.98535
2175,4.13998
2176,3.70772
2177,3.4538
2178,3.89329
2179,3.65441
2180,3.50866
2181,4.39632
2182,4.40125
2183,0.95192
2184,4.23538
2185,2.62686
2186,3.3844
2187,4.65281
2188,2.51616
2189,3.51873
2190,3.8447
2191,4.05313
2192,3.56014
2193,3.96281
2194,3.98221
2195,3.78642
2196,4.13025
2197,2.07825
2198,3.42736
2199,3.45652
2200,2.06302
2201,1.40083
2202,4.14855
2203,4.01117
2204,4.54906
2205,3.52954
2206,4.33936
2207,3.63073
2208,4.19581
2209,3.34932
2210,3.83387
2211,3.88236
2212,3.58395
2213,3.60829
2214,4.25782
2215,3.65429
2216,3.98577
2217,3.01585
2218,3.33486
2219,3.18805
2220,4.15879
2221,3.50912
2222,3.77058
2223,3.07197
2224,4.19977
2225,3.6901
2226,4.28348
2227,3.97894
2228,2.69049
2229,3.3768
2230,3.74718
2231,2.09736
2232,3.35536
2233,4.0483
2234,4.43282
2235,2.73006
2236,3.56883
2237,3.87252
2238,3.63989
2239,4.23228
2240,3.83136
2241,3.77402
2242,3.11104
2243,4.25791
2244,3.06375
2245,2.89769
2246,4.11231
2247,4.42423
2248,3.86734
2249,4.15918
2250,3.68715
2251,3.29062
2252,3.39442
2253,4.06451
2254,3.62357
2255,3.61552
2256,3.81499
2257,3.68609
2258,3.14309
2259,3.71064
2260,4.23043
2261,4.08788
2262,3.46268
2263,3.61281
2264,3.04678
2265,2.83077
2266,3.85814
2267,3.64927
2268,3.48363
2269,4.36118
2270,4.10207
2271,4.05861
2272,3.72447
2273,3.94855
2274,3.7957
2275,3.78034
2276,3.08215
2277,3.91615
2278,3.77211
2279,3.03393
2280,3.4256
2281,3.69501
2282,3.45668
2283,2.99513
2284,3.41929
2285,3.70623
2286,3.62574
2287,3.73899
2288,2.58604
2289,4.12194
2290,2.77446
2291,4.25483
2292,3.45833
2293,3.86149
2294,4.32748
2295,2.6905
2296,3.14209
2297,2.96095
2298,4.39914
2299,4.10746
2300,4.2197
2301,2.96813
2302,3.40881
2303,3.72104
2304,2.48133
2305,3.86846
2306,3.70606
2307,3.57979
2308,2.89548
2309,2.57178
2310,3.96499
2311,3.06229
2312,4.1523
2313,3.96741
2314,2.99952
2315,3.49575
2316,1.99583
2317,4.04892
2318,3.44647
2319,3.94382
2320,4.05058
2321,4.60076
2322,3.54817
2323,2.94476
2324,1.82468
2325,3.87693
2326,2.82466
2327,3.8662
2328,3.14966
2329,3.84562
2330,3.87651
2331,3.11916
2332,2.68286
2333,4.09158
2334,4.24818
2335,4.21452
2336,4.26735
2337,3.92697
2338,4.05272
2339,3.46397
2340,4.41837
2341,3.61423
2342,2.75647
2343,4.09435
2344,2.75105
2345,3.52464
2346,4.2091
2347,3.54841
2348,3.70451
2349,3.19275
2350,3.61936
2351,4.04407
2352,2.71386
2353,4.05271
2354,3.65809
2355,3.05096
2356,3.72599
2357,3.27793
2358,4.30944
2359,4.37064
2360,3.95157
2361,3.19186
2362,2.19473
2363,3.71951
2364,3.36987
2365,4.27853
2366,3.20641
2367,4.52275
2368,4.27682
2369,3.61118
2370,2.75554
2371,3.43684
2372,3.66893
2373,2.26209
2374,3.7876
2375,4.28896
2376,3.97019
2377,2.60106
2378,3.67051
2379,4.32982
2380,2.9168
2381,3.24794
2382,3.60616
2383,4.48874
2384,4.00579
2385,4.32314
2386,3.31914
2387,1.8497
2388,4.24218
2389,1.18443
2390,3.22863
2391,4.02051
2392,3.48069
2393,3.71903
2394,4.12537
2395,3.83011
2396,3.49985
2397,3.37977
2398,2.47994
2399,4.13362
2400,1.81651
2401,3.90781
2402,3.31363
2403,3.76208
2404,2.47066
2405,2.72355
2406,3.07126
2407,3.41052
2408,2.41702
2409,3.09108
2410,3.23046
2411,2.81065
2412,3.61262
2413,3.99778
2414,4.32069
2415,3.15736
2416,2.871
2417,4.1204
2418,3.05226
2419,3.4746
2420,4.14841
2421,3.45844
2422,3.89543
2423,3.96339
2424,4.40151
2425,2.40838
2426,3.42967
2427,3.28852
2428,2.92585
2429,4.25376
2430,3.2002
2431,1.57792
2432,3.6228
2433,3.71056
2434,3.26677
2435,2.74935
2436,3.98939
2437,4.06001
2438,3.95906
2439,2.50503
2440,2.76015
2441,4.02132
2442,3.257
2443,4.17218
2444,3.93671
2445,3.73611
2446,4.02545
2447,3.57909
2448,3.33834
2449,3.53412
2450,2.16468
2451,4.51073
2452,3.88107
2453,3.61576
2454,3.04718
2455,3.08258
2456,3.13034
2457,2.34622
2458,4.46538
2459,3.59541
2460,4.28918
2461,3.18806
2462,4.28601
2463,3.60716
2464,2.40558
2465,3.22038
2466,4.18265
2467,3.93103
2468,3.76053
2469,2.7873
2470,3.59572
2471,2.07172
2472,4.20577
2473,3.74037
2474,3.78382
2475,4.09023
2476,3.67952
2477,3.83716
2478,3.60018
2479,3.98936
2480,4.13604
2481,3.29852
2482,3.39783
2483,3.52195
2484,2.97314
2485,3.44572
2486,2.74257
2487,4.23926
2488,3.82159
2489,4.08405
2490,3.85029
2491,3.65068
2492,4.11533
2493,3.78634
2494,4.37358
2495,2.98099
2496,2.65242
2497,4.13398
2498,3.80009
2499,2.11853
2500,1.52744
2501,2.9696
2502,3.52903
2503,3.75459
2504,3.4512
2505,4.96284
2506,2.37567
2507,4.53925
2508,3.83179
2509,3.20497
2510,4.09094
2511,4.36913
2512,2.31697
2513,3.29894
2514,3.03967
2515,3.51505
2516,3.77812
2517,4.3893
2518,2.71417
2519,4.23115
2520,3.38994
2521,4.08458
2522,2.27986
2523,3.00833
2524,3.34993
2525,3.35604
2526,2.561
2527,3.80015
2528,3.29248
2529,4.27421
2530,3.33033
2531,2.64329
2532,3.73643
2533,4.30269
2534,3.76171
2535,4.39366
2536,3.39205
2537,3.76575
2538,2.94332
2539,4.07182
2540,3.15336
2541,3.8549
2542,3.45449
2543,4.23293
2544,2.44841
2545,3.84958
2546,3.85204
2547,3.37487
2548,3.90125
2549,2.67176
2550,3.40736
2551,3.9017
2552,3.95791
2553,2.87332
2554,3.22341
2555,2.84222
2556,3.99318
2557,3.38836
2558,3.64348
2559,2.18417
2560,2.09883
2561,2.34829
2562,0.819103
2563,4.21495
2564,3.42869
2565,3.0784
2566,3.51857
2567,3.94209
2568,3.19112
2569,3.02088
2570,4.00099
2571,3.9608
2572,2.92892
2573,3.0715
2574,4.07235
2575,2.44019
2576,3.49118
2577,2.91652
2578,3.12932
2579,2.59444
2580,4.01579
2581,3.80716
2582,4.29217
2583,3.78455
2584,3.6775
2585,3.90639
2586,2.61415
2587,4.27076
2588,3.85457
2589,3.0232
2590,3.17069
2591,2.95405
2592,4.05554
2593,3.53657
2594,3.7417
2595,3.26831
2596,3.77781
2597,3.91208
2598,2.36804
2599,4.25256
2600,3.74897
2601,3.99202
2602,4.0489
2603,2.74859
2604,3.19678
2605,3.78992
2606,4.48477
2607,3.81906
2608,2.07907
2609,4.63093
2610,4.13292
2611,3.93907
2612,2.77254
2613,1.5961
2614,2.38154
2615,2.80796
2616,2.84783
2617,3.60414
2618,3.51295
2619,3.3784
2620,3.6945
2621,3.46525
2622,3.16045
2623,3.95278
2624,3.80888
2625,2.65086
2626,3.27967
2627,3.32144
2628,3.2924
2629,3.28283
2630,4.18377
2631,3.71543
2632,4.23393
2633,3.53575
2634,3.66669
2635,2.50798
2636,4.05538
2637,2.88516
2638,3.54305
2639,2.47067
2640,4.28527
2641,4.14404
2642,3.81997
2643,3.62987
2644,0
2645,4.1704
2646,2.7821
2647,2.16643
2648,2.79574
2649,2.96661
2650,3.71338
2651,3.08942
2652,4.22153
2653,2.30246
2654,3.79815
2655,3.7667
2656,3.23866
2657,2.42796
2658,3.7725
2659,3.56436
2660,4.84983
2661,2.25059
2662,4.34386
2663,2.65894
2664,3.47812
2665,3.7859
2666,3.50401
2667,4.02243
2668,3.96677
2669,3.26455
2670,3.87391
2671,3.11661
2672,3.43725
2673,3.84007
2674,3.36421
2675,2.30142
2676,3.78388
2677,2.68456
2678,4.03735
2679,2.24774
2680,2.75281
2681,4.35918
2682,2.30561
2683,3.01469
2684,3.87497
2685,3.83513
2686,3.38299
2687,3.26799
2688,1.91768
2689,3.59187
2690,2.60873
2691,3.14614
2692,3.4344
2693,2.95238
2694,2.81346
2695,2.84235
2696,3.77298
2697,2.83808
2698,3.69059
2699,2.82244
2700,3.77212
2701,1.88859
2702,2.66733
2703,3.14629
2704,2.20019
2705,1.87807
2706,4.19643
2707,3.59141
2708,3.73239
2709,3.22067
2710,3.35453
2711,3.55501
2712,3.2722
2713,4.1332
2714,3.53332
2715,4.39673
2716,2.61042
2717,2.34144
2718,3.86638
2719,4.56163
2720,3.48996
2721,3.68822
2722,3.81413
2723,2.98419
2724,3.57944
2725,3.42747
2726,4.98559
2727,3.50255
2728,3.2643
2729,3.14804
2730,3.04216
2731,3.86623
2732,2.68814
2733,4.01456
2734,3.85848
2735,3.60944
2736,2.52436
2737,2.58815
2738,3.21697
2739,4.07016
2740,2.96256
2741,2.59801
2742,3.61789
2743,4.10506
2744,3.85459
2745,2.67721
2746,4.38539
2747,3.23946
2748,3.33991
2749,3.34227
2750,2.75752
2751,3.71046
2752,3.06447
2753,3.91399
2754,3.53979
2755,3.71234
2756,4.10996
2757,4.02072
2758,3.83421
2759,3.52083
2760,3.63201
2761,2.63323
2762,3.49025
2763,3.60367
2764,3.84032
2765,1.7741
2766,3.87433
2767,4.2789
2768,3.72285
2769,3.24473
2770,2.30753
2771,4.07448
2772,0.932207
2773,3.61252
2774,3.69269
2775,3.433
2776,3.83045
2777,3.49306
2778,4.12443
2779,3.46873
2780,4.00522
2781,3.54489
2782,2.08832
2783,3.92083
2784,2.42552
2785,3.30265
2786,3.54733
2787,3.17393
2788,3.32968
2789,3.04377
2790,3.24924
2791,4.00796
2792,3.98802
2793,2.58706
2794,2.88083
2795,3.78718
2796,4.19434
2797,4.63929
2798,2.39963
2799,2.54487
2800,3.74608
2801,3.53056
2802,3.04033
2803,3.96876
2804,3.69459
2805,4.32394
2806,2.85168
2807,3.74964
2808,3.16785
2809,3.78354
2810,3.47696
2811,3.81309
2812,3.493
2813,4.14521
2814,1.96661
2815,3.38107
2816,3.74295
2817,3.35106
2818,3.81622
2819,3.93668
2820,4.10695
2821,2.77431
2822,3.73876
2823,1.19529
2824,2.95388
2825,3.76765
2826,4.12616
2827,3.57248
2828,4.09616
2829,3.65136
2830,4.00941
2831,3.76254
2832,2.73122
2833,3.37379
2834,3.28798
2835,3.70063
2836,3.73715
2837,3.66197
2838,3.47292
2839,2.50303
2840,2.80611
2841,4.0774
2842,3.53227
2843,3.85019
2844,4.31716
2845,4.11164
2846,2.51808
2847,2.66302
2848,3.89921
2849,3.29359
2850,3.80473
2851,4.27267
2852,4.24287
2853,3.82436
2854,3.96055
2855,3.97996
2856,2.59375
2857,3.68032
2858,3.95451
2859,4.09829
2860,3.80383
2861,4.02059
2862,3.5808
2863,2.04317
2864,3.7241
2865,4.2066
2866,4.05217
2867,3.07657
2868,3.85481
2869,3.87369
2870,2.55572
2871,3.46582
2872,3.12449
2873,3.66192
2874,3.88469
2875,3.99733
2876,2.26416
2877,3.42581
2878,3.34805
2879,3.35767
2880,1.89743
2881,1.41565
2882,3.89269
2883,3.0648
2884,3.70963
2885,3.61626
2886,2.50382
2887,1.88835
2888,2.3944
2889,3.37848
2890,2.74977
2891,3.95123
2892,3.94635
2893,3.47499
2894,4.17604
2895,3.89967
2896,3.10982
2897,4.16836
2898,2.99111
2899,4.44663
2900,3.88814
2901,2.54821
2902,3.75955
2903,3.84645
2904,2.65672
2905,3.30626
2906,4.04229
2907,3.99121
2908,3.83584
2909,3.70037
2910,4.02454
2911,2.46689
2912,3.95172
2913,3.4509
2914,3.27172
2915,3.06642
2916,4.04884
2917,2.84648
2918,3.37912
2919,4.38042
2920,4.1228
2921,3.21705
2922,2.56511
2923,3.21184
2924,3.55829
2925,3.26161
2926,3.5066
2927,4.69348
2928,4.37468
2929,3.16011
2930,4.36797
2931,3.80143
2932,2.10903
2933,2.6618
2934,3.52332
2935,3.84643
2936,3.37382
2937,3.42749
2938,5
2939,3.04922
2940,3.72582
2941,4.24025
2942,2.71141
2943,4.1206
2944,3.90285
2945,4.18031
2946,3.99992
2947,3.70336
2948,3.79519
2949,3.41862
2950,2.78282
2951,1.23783
2952,3.98202
2953,4.49905
2954,3.1223
2955,3.0486
2956,2.74045
2957,3.85148
2958,4.04019
2959,2.65252
2960,2.54457
2961,3.66669
2962,3.86378
2963,1.73898
2964,2.51389
2965,3.34644
2966,1.8251
2967,3.77556
2968,4.24615
2969,4.20456
2970,3.73532
2971,3.58231
2972,2.57423
2973,2.92542
2974,2.72902
2975,4.09776
2976,3.44524
2977,3.6902
2978,4.12295
2979,3.95698
2980,3.25607
2981,2.33079
2982,4.43173
2983,3.37846
2984,4.11665
2985,4.35417
2986,3.65704
2987,3.1487
2988,3.42767
2989,3.85201
2990,3.91236
2991,3.69514
2992,4.1716
2993,3.91361
2994,4.15795
2995,4.05128
2996,2.9823
2997,3.98351
2998,4.18085
2999,4.48288
3000,0
3001,3.77538
3002,3.63793
3003,4.19616
3004,2.83225
3005,4.00893
3006,3.48844
3007,2.10544
3008,2.97085
3009,4.21299
3010,3.81756
3011,1.67089
3012,4.15971
3013,4.20458
3014,2.759
3015,3.82291
3016,3.87333
3017,3.60437
3018,3.30924
3019,3.54529
3020,3.58023
3021,2.88695
3022,3.95117
3023,3.69159
3024,3.74065
3025,4.25243
3026,2.68134
3027,3.10283
3028,4.10127
3029,3.14325
3030,3.37045
3031,2.58821
3032,1.07597
3033,3.46289
3034,3.72368
3035,3.92657
3036,3.40025
3037,3.95814
3038,4.01958
3039,2.68313
3040,3.72602
3041,1.49139
3042,2.40746
3043,1.35159
3044,3.79808
3045,4.6885
3046,3.38927
3047,3.91205
3048,2.94179
3049,3.21284
3050,4.50709
3051,4.09397
3052,2.52959
3053,4.31085
3054,4.02561
3055,3.49929
3056,4.07167
3057,4.23984
3058,1.7566
3059,2.539
3060,3.92192
3061,3.06826
3062,2.26018
3063,3.25572
3064,3.7574
3065,3.65936
3066,3.5419
3067,4.10915
3068,4.16606
3069,3.21102
3070,4.08458
3071,2.74904
3072,2.99759
3073,3.18991
3074,2.96578
3075,4.03297
3076,4.10844
3077,3.46452
3078,2.9813
3079,0.610898
3080,2.43492
3081,3.72841
3082,4.23749
3083,3.1239
3084,3.53772
3085,3.43472
3086,3.23681
3087,1.08657
3088,2.9052
3089,3.96259
3090,4.22164
3091,3.64731
3092,3.20435
3093,3.4024
3094,3.91045
3095,2.93153
3096,3.63338
3097,4.1843
3098,3.93895
3099,3.89667
3100,4.46125
3101,3.54608
3102,1.06775
3103,4.19014
3104,3.95962
3105,4.20132
3106,4.35756
3107,4.10728
3108,2.38676
3109,4.03847
3110,4.17578
3111,3.11913
3112,3.66854
3113,3.52819
3114,3.63511
3115,2.98655
3116,3.76708
3117,4.163
3118,3.73719
3119,3.68295
3120,3.73988
3121,2.15782
3122,2.50682
3123,2.86684
3124,2.85937
3125,3.88256
3126,3.52653
3127,3.60459
3128,2.68741
3129,2.68591
3130,3.48008
3131,3.95424
3132,4.29356
3133,3.74135
3134,2.3059
3135,3.83397
3136,3.96731
3137,3.48701
3138,3.81843
3139,3.83298
3140,4.27345
3141,3.98681
3142,3.96026
3143,3.79212
3144,2.59029
3145,3.03392
3146,2.21487
3147,3.9821
3148,3.57095
3149,3.85311
3150,1.93325
3151,3.49757
3152,3.87134
3153,3.32212
3154,3.94526
3155,2.06794
3156,3.71128
3157,4.07686
3158,2.52665
3159,3.95167
3160,4.59014
3161,3.32383
3162,3.49975
3163,2.89276
3164,3.4171
3165,3.44702
3166,3.18127
3167,3.89605
3168,2.98983
3169,2.70834
3170,3.42153
3171,2.93502
3172,3.6266
3173,2.46206
3174,2.40979
3175,2.83442
3176,3.34239
3177,2.78965
3178,3.59069
3179,3.55904
3180,3.40345
3181,2.60266
3182,4.05398
3183,3.18232
3184,3.8178
3185,3.855
3186,3.25252
3187,2.78268
3188,2.59163
3189,4.18858
3190,4.82738
3191,3.74397
3192,4.16666
3193,3.85275
3194,3.12499
3195,4.26255
3196,3.36663
3197,2.47386
3198,3.66156
3199,4.15604
3200,3.90384
3201,2.60946
3202,4.36776
3203,4.20562
3204,3.63421
3205,2.88337
3206,3.61329
3207,3.52885
3208,3.10603
3209,4.87906
3210,3.22316
3211,4.21482
3212,3.83786
3213,3.68109
3214,2.72456
3215,3.93424
3216,2.53699
3217,3.55204
3218,3.57937
3219,4.04075
3220,3.50533
3221,3.99874
3222,3.69591
3223,3.21686
3224,3.03598
3225,2.38405
3226,4.03939
3227,3.30925
3228,3.32899
3229,3.61113
3230,4.10494
3231,2.93397
3232,3.4627
3233,3.72988
3234,4.11799
3235,3.50447
3236,3.54801
3237,3.97496
3238,4.09371
3239,3.88672
3240,2.4451
3241,3.9999
3242,2.73062
3243,3.76375
3244,4.2682
3245,2.44887
3246,3.09472
3247,4.37838
3248,4.00636
3249,3.39758
3250,4.27715
3251,3.47178
3252,3.86503
3253,2.86184
3254,3.04432
3255,3.38151
3256,2.29613
3257,3.64827
3258,3.7803
3259,3.84137
3260,4.18664
3261,2.70001
3262,3.81453
3263,3.32782
3264,2.60785
3265,4.26787
3266,3.38543
3267,3.66023
3268,2.8474
3269,3.46639
3270,3.64567
3271,4.11251
3272,3.32614
3273,3.35907
3274,4.28245
3275,4.13924
3276,4.85196
3277,2.6349
3278,3.82916
3279,2.66719
3280,3.98219
3281,3.42488
3282,3.99524
3283,2.19922
3284,3.86066
3285,3.1472
3286,4.04015
3287,4.08957
3288,2.4535
3289,4.3761
3290,3.69174
3291,2.10299
3292,3.0683
3293,3.73615
3294,3.48217
3295,4.03308
3296,4.22511
3297,3.10771
3298,4.08776
3299,3.99543
3300,3.53333
3301,3.22846
3302,4.0312
3303,4.34174
3304,3.9892
3305,3.34831
3306,2.59973
3307,3.85553
3308,2.38668
3309,3.73011
3310,3.96534
3311,4.28633
3312,3.64179
3313,3.95332
3314,4.12549
3315,3.55112
3316,4.73812
3317,3.57701
3318,3.50628
3319,3.2131
3320,3.81165
3321,3.29001
3322,2.74861
3323,4.26916
3324,3.9447
3325,3.35792
3326,3.22336
3327,2.12014
3328,4.40604
3329,3.87045
3330,3.13711
3331,3.58886
3332,3.47029
3333,2.50254
3334,3.58639
3335,3.83214
3336,2.79623
3337,1.90072
3338,3.16028
3339,2.54308
3340,0.77308
3341,3.61567
3342,3.8837
3343,2.68171
3344,2.61621
3345,3.73035
3346,3.56575
3347,3.48423
3348,3.25541
3349,4.085
3350,4.14269
3351,3.92438
3352,3.77655
3353,3.00195
3354,1.80012
3355,3.37222
3356,3.38083
3357,4.0605
3358,4.39876
3359,2.8942
3360,2.58854
3361,2.8528
3362,3.39726
3363,3.51977
3364,4.38006
3365,4.1203
3366,3.42845
3367,3.04819
3368,1.71059
3369,3.59107
3370,3.51515
3371,4.07294
3372,3.87349
3373,4.06712
3374,4.63745
3375,2.52526
3376,4.04114
3377,3.63431
3378,3.69057
3379,3.8609
3380,2.73628
3381,3.60432
3382,4.25425
3383,4.0315
3384,4.14935
3385,4.04557
3386,3.33344
3387,4.65928
3388,4.4759
3389,2.42257
3390,3.49227
3391,1.87646
3392,3.10715
3393,4.50332
3394,4.01283
3395,2.90653
3396,3.1149
3397,3.69396
3398,2.38067
3399,3.74352
3400,4.1849
3401,4.33677
3402,2.92937
3403,3.55453
3404,4.21363
3405,3.27369
3406,4.19592
3407,4.2837
3408,3.11923
3409,4.19842
3410,3.95271
3411,4.27285
3412,3.55167
3413,3.64199
3414,3.32019
3415,3.65643
3416,2.83724
3417,2.98215
3418,3.0885
3419,3.23198
3420,3.18057
3421,2.36065
3422,4.38293
3423,0
3424,3.68284
3425,3.04888
3426,2.35764
3427,3.66282
3428,3.60436
3429,3.43152
3430,3.76123
3431,4.14221
3432,3.87843
3433,3.78066
3434,4.39321
3435,3.40095
3436,4.59263
3437,4.10287
3438,4.07335
3439,3.07888
3440,4.33858
3441,3.04783
3442,3.63906
3443,3.71534
3444,3.32033
3445,3.56959
3446,3.9166
3447,4.01325
3448,3.50067
3449,4.36548
3450,3.81949
3451,3.44322
3452,2.01112
3453,3.28938
3454,4.09536
3455,2.43134
3456,3.20657
3457,4.1132
3458,3.98964
3459,3.78451
3460,3.24474
3461,3.87135
3462,3.55255
3463,3.74151
3464,3.1291
3465,4.03428
3466,3.99434
3467,4.9484
3468,4.04166
3469,3.32177
3470,3.68834
3471,3.82325
3472,2.63134
3473,4.06335
3474,2.81799
3475,3.45058
3476,2.07263
3477,3.75018
3478,4.46072
3479,3.79204
3480,2.80878
3481,2.16174
3482,4.45616
3483,3.48041
3484,4.00771
3485,3.87201
3486,3.38171
3487,3.29768
3488,1.93442
3489,3.67013
3490,4.42369
3491,3.57537
3492,3.88882
3493,3.56535
3494,3.86475
3495,3.96013
3496,4.33102
3497,4.44962
3498,3.82105
3499,3.89888
3500,4.21958
3501,3.68708
3502,2.8562
3503,3.09765
3504,4.04408
3505,3.38953
3506,3.79738
3507,2.79281
3508,3.97843
3509,4.16208
3510,3.97132
3511,2.40256
3512,3.36105
3513,4.32722
3514,3.20033
3515,4.13448
3516,3.82661
3517,3.75897
3518,2.95765
3519,3.49205
3520,4.28301
3521,2.1443
3522,3.60425
3523,3.66259
3524,3.73869
3525,3.67277
3526,4.19342
3527,3.85183
3528,3.52119
3529,3.95675
3530,3.46129
3531,3.97382
3532,2.55939
3533,2.063
3534,3.57692
3535,3.86654
3536,3.58543
3537,3.23839
3538,4.18612
3539,3.0501
3540,3.7041
3541,3.25695
3542,4.09995
3543,3.39078
3544,3.62165
3545,4.06859
3546,2.61052
3547,4.28532
3548,3.83473
3549,2.84492
3550,3.12877
3551,1.50231
3552,3.56773
3553,4.54418
3554,3.27638
3555,3.81423
3556,3.61785
3557,2.68057
3558,2.87343
3559,2.65359
3560,2.62576
3561,4.36344
3562,2.98351
3563,3.13774
3564,3.84428
3565,2.53289
3566,3.01981
3567,3.52324
3568,4.0864
3569,3.27472
3570,3.38299
3571,3.99109
3572,3.90807
3573,1.6948
3574,4.4144
3575,3.19244
3576,3.5753
3577,3.36891
3578,3.29984
3579,3.54854
3580,2.44468
3581,4.27769
3582,4.46766
3583,2.77538
3584,3.55325
3585,4.0702
3586,2.97994
3587,3.22035
3588,3.02257
3589,4.31095
3590,4.56034
3591,3.98483
3592,3.82048
3593,3.86244
3594,3.56428
3595,3.39769
3596,3.87615
3597,4.18041
3598,2.66184
3599,3.7566
3600,4.10066
3601,3.51447
3602,2.65542
3603,4.53296
3604,3.2073
3605,3.18315
3606,4.4686
3607,4.10221
3608,3.90438
3609,3.11861
3610,2.33452
3611,3.32388
3612,4.22998
3613,3.88446
3614,4.00643
3615,3.91723
3616,2.96194
3617,4.16406
3618,3.59874
3619,4.57106
3620,1.43235
3621,3.67635
3622,4.09384
3623,2.5254
3624,3.22709
3625,4.11154
3626,4.09393
3627,2.81288
3628,2.42643
3629,1.72853
3630,3.78237
3631,3.3395
3632,3.85895
3633,2.77507
3634,1.01416
3635,1.70459
3636,2.82208
3637,3.99092
3638,3.49304
3639,4.50198
3640,2.43324
3641,3.55237
3642,3.49727
3643,4.2732
3644,3.45654
3645,3.50393
3646,4.07371
3647,3.84282
3648,2.95584
3649,2.74905
3650,3.55888
3651,3.59912
3652,3.6515
3653,3.61366
3654,4.06409
3655,3.9638
3656,2.78292
3657,3.5322
3658,4.02029
3659,2.37739
3660,4.45215
3661,3.96088
3662,4.02339
3663,3.7366
3664,3.61857
3665,2.26922
3666,3.66916
3667,3.5359
3668,4.01442
3669,2.66536
3670,2.78271
3671,3.24918
3672,3.50008
3673,4.32354
3674,2.39178
3675,3.68914
3676,3.41951
3677,4.13252
3678,1.97877
3679,2.88231
3680,4.10182
3681,3.23065
3682,3.72314
3683,1.98495
3684,3.73836
3685,4.23172
3686,2.41252
3687,4.34745
3688,4.70541
3689,2.93737
3690,2.25429
3691,4.66267
3692,3.98556
3693,3.46219
3694,2.80179
3695,4.11458
3696,2.80488
3697,3.89953
3698,3.01757
3699,3.965
3700,3.88268
3701,4.57886
3702,3.69419
3703,3.76294
3704,3.82784
3705,4.15363
3706,2.67516
3707,3.23118
3708,4.19377
3709,3.34748
3710,3.28723
3711,4.11115
3712,3.47727
3713,3.56093
3714,2.52216
3715,2.46469
3716,2.34877
3717,4.05405
3718,3.27568
3719,3.42484
3720,3.21697
3721,2.54685
3722,2.4221
3723,2.66745
3724,3.52332
3725,2.44216
3726,3.72592
3727,3.38307
3728,3.74072
3729,2.81247
3730,2.67264
3731,4.26983
3732,4.08756
3733,3.29275
3734,2.35904
3735,3.54315
3736,3.37308
3737,2.69923
3738,3.5848
3739,4.04628
3740,4.00618
3741,1.28023
3742,2.78661
3743,2.90681
3744,3.72085
3745,3.60976
3746,3.46558
3747,3.66291
3748,3.57942
3749,1.81971
3750,4.10745
3751,4.28057
3752,3.28271
3753,3.84417
3754,3.42
3755,1.58935
3756,3.65745
3757,1.02373
3758,3.6419
3759,3.33862
3760,4.21527
3761,2.82302
3762,3.67792
3763,3.95711
3764,3.38343
3765,2.93864
3766,2.24648
3767,4.45098
3768,3.04692
3769,3.18644
3770,1.20055
3771,2.20221
3772,2.8483
3773,2.72137
3774,3.78867
3775,3.02924
3776,2.93699
3777,2.69163
3778,4.16189
3779,3.76623
3780,4.05662
3781,3.80278
3782,4.31984
3783,3.89575
3784,4.06046
3785,2.50342
3786,4.10674
3787,3.85233
3788,3.71185
3789,3.58699
3790,3.93803
3791,4.20551
3792,2.95723
3793,4.39186
3794,3.85752
3795,3.34585
3796,3.55845
3797,4.13295
3798,3.97689
3799,3.5032
3800,4.32417
3801,3.25682
3802,2.76498
3803,4.38858
3804,3.02851
3805,3.03593
3806,3.82661
3807,3.72976
3808,3.85703
3809,3.43247
3810,4.63641
3811,4.08688
3812,3.39981
3813,3.32404
3814,2.18923
3815,1.90696
3816,3.33827
3817,0.85819
3818,3.98488
3819,4.25996
3820,3.50383
3821,3.85818
3822,3.44357
3823,3.35856
3824,3.70727
3825,3.67231
3826,2.63045
3827,4.11458
3828,3.40007
3829,3.6081
3830,3.70537
3831,2.56882
3832,3.53497
3833,2.946
3834,3.25096
3835,2.59852
3836,4.18307
3837,3.17618
3838,3.60175
3839,4.35126
3840,2.55335
3841,3.26065
3842,3.15547
3843,2.6039
3844,3.92237
3845,2.65345
3846,3.0664
3847,2.94261
3848,2.50952
3849,3.37538
3850,4.09761
3851,3.67203
3852,2.86094
3853,3.75925
3854,4.52277
3855,4.64221
3856,3.84202
3857,3.17182
3858,3.67412
3859,3.70901
3860,3.33212
3861,2.49395
3862,2.91749
3863,3.38062
3864,4.06441
3865,3.25815
3866,4.45737
3867,3.43959
3868,3.63231
3869,2.56041
3870,3.76219
3871,3.78377
3872,2.84211
3873,3.688
3874,4.24135
3875,3.1352
3876,3.89679
3877,1.35332
3878,2.99415
3879,3.06206
3880,3.28056
3881,1.78658
3882,3.58512
3883,3.04638
3884,3.63128
3885,2.9675
3886,4.46905
3887,3.70387
3888,4.40589
3889,3.98126
3890,4.0629
3891,3.24604
3892,4.07166
3893,2.31526
3894,3.63289
3895,2.11708
3896,4.04495
3897,4.68211
3898,3.55635
3899,3.4171
3900,4.19849
3901,3.75971
3902,2.49208
3903,3.80608
3904,3.84731
3905,3.50323
3906,2.85132
3907,3.97892
3908,2.78927
3909,3.05606
3910,3.61378
3911,4.37099
3912,3.65471
3913,4.06808
3914,1.83073
3915,3.44858
3916,3.06196
3917,4.75073
3918,3.93108
3919,2.7242
3920,4.12678
3921,4.19906
3922,3.52569
3923,2.94706
3924,3.43576
3925,4.16027
3926,3.55831
3927,4.5418
3928,4.42772
3929,3.98391
3930,3.34501
3931,3.38424
3932,4.35361
3933,4.00637
3934,3.95631
3935,2.48693
3936,3.68764
3937,3.88091
3938,3.71224
3939,4.2348
3940,3.67817
3941,2.95003
3942,3.49792
3943,3.99713
3944,2.43868
3945,4.25658
3946,4.28976
3947,2.68711
3948,3.6102
3949,3.40957
3950,3.31181
3951,2.20791
3952,3.95573
3953,3.12608
3954,1.97372
3955,3.57142
3956,3.62567
3957,2.60189
3958,3.80986
3959,3.73139
3960,3.7745
3961,3.72344
3962,3.96947
3963,3.8972
3964,4.18972
3965,3.61042
3966,3.6524
3967,3.40497
3968,2.09559
3969,3.70276
3970,2.17619
3971,3.5326
3972,3.23313
3973,4.41952
3974,3.8598
3975,2.99566
3976,4.41317
3977,2.85528
3978,4.47971
3979,3.6893
3980,4.32289
3981,2.07711
3982,3.89466
3983,3.25436
3984,3.92103
3985,3.45431
3986,1.97364
3987,3.70075
3988,1.30329
3989,3.9939
3990,3.98319
3991,3.36379
3992,3.77202
3993,4.13339
3994,3.65922
3995,2.98249
3996,3.778
3997,2.68075
3998,2.74927
3999,3.46753
4000,3.94902
4001,4.2695
4002,3.79098
4003,3.29258
4004,4.00912
4005,3.82269
4006,3.12395
4007,2.46989
4008,1.97354
4009,2.67122
4010,4.03207
4011,3.93945
4012,3.77822
4013,3.76121
4014,3.57361
4015,3.41848
4016,2.65841
4017,4.0692
4018,4.0447
4019,1.6556
4020,2.99261
4021,3.7222
4022,3.74635
4023,3.42667
4024,4.09878
4025,4.18902
4026,3.98639
4027,3.94
4028,4.11364
4029,2.67323
4030,3.57681
4031,4.09395
4032,4.14965
4033,2.51683
4034,3.84701
4035,3.42804
4036,4.08856
4037,2.83927
4038,3.35161
4039,3.99867
4040,4.31333
4041,4.43536
4042,2.3624
4043,2.40504
4044,4.33215
4045,3.95696
4046,4.012
4047,3.09875
4048,3.63085
4049,4.54089
4050,2.62302
4051,3.11482
4052,3.26441
4053,1.89325
4054,3.4907
4055,3.25658
4056,4.28437
4057,0
4058,2.69322
4059,3.09316
4060,4.13112
4061,4.26229
4062,4.19056
4063,3.49138
4064,2.02848
4065,3.82222
4066,2.9496
4067,2.43952
4068,3.58305
4069,3.99118
4070,4.48839
4071,1.51544
4072,4.33275
4073,3.37914
4074,3.83596
4075,2.06946
4076,2.76506
4077,2.82626
4078,3.84011
4079,3.27984
4080,3.08659
4081,3.78494
4082,2.75326
4083,3.88084
4084,4.30309
4085,3.46379
4086,2.94025
4087,3.9824
4088,3.71041
4089,3.78849
4090,3.74535
4091,2.69
4092,3.77692
4093,2.8159
4094,4.26257
4095,3.69717
4096,3.70209
4097,4.47097
4098,3.976
4099,3.56208
4100,3.07252
4101,3.84665
4102,2.9812
4103,4.33816
4104,3.97799
4105,3.73958
4106,3.33627
4107,4.22389
4108,4.16856
4109,3.24593
4110,4.67594
4111,4.30574
4112,3.37598
4113,4.04435
4114,4.05956
4115,3.47995
4116,4.0172
4117,3.79421
4118,3.93393
4119,4.14024
4120,3.91201
4121,3.25081
4122,1.99542
4123,3.6722
4124,3.99925
4125,3.10355
4126,3.8764
4127,4.24941
4128,4.00049
4129,2.3012
4130,3.76309
4131,3.40716
4132,2.84426
4133,3.94608
4134,4.13304
4135,4.01632
4136,4.10212
4137,3.82719
4138,3.16199
4139,3.9526
4140,3.84572
4141,4.11739
4142,2.26723
4143,3.21522
4144,3.22745
4145,4.21579
4146,4.20729
4147,4.20598
4148,2.83606
4149,3.50816
4150,2.91354
4151,2.00533
4152,3.68584
4153,3.39563
4154,4.03031
4155,3.02053
4156,4.16239
4157,3.27495
4158,2.5249
4159,4.30468
4160,3.41321
4161,3.36699
4162,3.92861
4163,4.14847
4164,4.11327
4165,2.7675
4166,3.73142
4167,2.82285
4168,2.34738
4169,4.05462
4170,3.58296
4171,2.75646
4172,2.88295
4173,3.44355
4174,2.92125
4175,3.24972
4176,3.1619
4177,3.17643
4178,3.47517
4179,1.97102
4180,2.90591
4181,3.25667
4182,4.0642
4183,3.67463
4184,2.64825
4185,2.79773
4186,3.35213
4187,4.06652
4188,3.14179
4189,3.09014
4190,4.15029
4191,3.87062
4192,2.71002
4193,3.35552
4194,4.26973
4195,2.02607
4196,2.48302
4197,2.41282
4198,2.62087
4199,4.01786
4200,3.46601
4201,3.09586
4202,4.26131
4203,4.51736
4204,3.87581
4205,4.25952
4206,2.87082
4207,3.81467
4208,3.4859
4209,4.38775
4210,4.02497
4211,3.63608
4212,3.09974
4213,3.07935
4214,3.77703
4215,2.82186
4216,4.06931
4217,3.48955
4218,3.12471
4219,3.71723
4220,2.53525
4221,3.78038
4222,4.03033
4223,3.73695
4224,4.09502
4225,4.34604
4226,5
4227,3.2078
4228,4.0142
4229,3.97983
4230,3.35306
4231,2.98234
4232,3.47358
4233,3.87788
4234,3.43037
4235,4.49614
4236,1.6799
4237,3.85839
4238,3.63921
4239,3.76806
4240,3.34993
4241,1.45145
4242,3.29447
4243,3.19258
4244,3.50244
4245,3.64732
4246,3.31956
4247,3.40033
4248,4.28184
4249,3.29508
4250,3.62192
4251,3.65348
4252,2.3239
4253,2.79127
4254,4.11088
4255,3.25978
4256,3.63191
4257,3.37965
4258,3.63208
4259,3.61827
4260,3.36519
4261,4.04044
4262,3.43533
4263,3.98095
4264,2.79448
4265,3.83687
4266,3.8909
4267,3.65
4268,3.61023
4269,3.83313
4270,3.67487
4271,3.74957
4272,3.37935
4273,3.31321
4274,2.75074
4275,3.17615
4276,4.14766
4277,4.20392
4278,2.41337
4279,4.5828
4280,3.07996
4281,3.49744
4282,3.75782
4283,3.6745
4284,3.14509
4285,3.48944
4286,3.91943
4287,3.22005
4288,3.7905
4289,3.119
4290,4.54859
4291,2.58258
4292,2.514
4293,3.93082
4294,3.38012
4295,3.9579
4296,2.67609
4297,1.60922
4298,3.03171
4299,3.49925
4300,4.14736
4301,3.48025
4302,2.32081
4303,2.49333
4304,3.42549
4305,3.85848
4306,3.67381
4307,4.20479
4308,2.13238
4309,3.63428
4310,3.63654
4311,3.16783
4312,3.43584
4313,4.00619
4314,3.79103
4315,2.04412
4316,3.07449
4317,3.13325
4318,3.55254
4319,4.46883
4320,2.6527
4321,4.36504
4322,3.83823
4323,2.22459
4324,4.06167
4325,3.68089
4326,3.9798
4327,4.22866
4328,3.7083
4329,3.55493
4330,2.75192
4331,3.4354
4332,3.27824
4333,3.61825
4334,3.69359
4335,4.55491
4336,3.25687
4337,3.84769
4338,3.74165
4339,3.26674
4340,2.95099
4341,4.01531
4342,4.15492
4343,2.44335
4344,3.48188
4345,3.81921
4346,3.62892
4347,4.03566
4348,3.0952
4349,3.07219
4350,2.90435
4351,3.8574
4352,3.64953
4353,3.21582
4354,4.63514
4355,3.89008
4356,3.81595
4357,3.3754
4358,3.6918
4359,4.07876
4360,3.6739
4361,2.20232
4362,4.05531
4363,2.91143
4364,3.38798
4365,3.8989
4366,4.41389
4367,2.47601
4368,3.36794
4369,3.85837
4370,3.99136
4371,3.67827
4372,2.6821
4373,4.42238
4374,4.08675
4375,2.86859
4376,1.71522
4377,3.97993
4378,3.37512
4379,3.83504
4380,3.86746
4381,4.30974
4382,3.29215
4383,4.33665
4384,3.49226
4385,3.41666
4386,3.36539
4387,3.9054
4388,4.02303
4389,2.62612
4390,3.7459
4391,2.05231
4392,4.23053
4393,3.32295
4394,4.00004
4395,3.00815
4396,3.02341
4397,4.40337
4398,3.32925
4399,3.75441
4400,4.07993
4401,2.1236
4402,3.19313
4403,2.77802
4404,4.03148
4405,3.97029
4406,3.54488
4407,3.68498
4408,1.90597
4409,3.45468
4410,3.46576
4411,2.34259
4412,3.66571
4413,3.16154
4414,3.51181
4415,3.92792
4416,3.94513
4417,3.291
4418,3.51466
4419,3.45574
4420,3.5746
4421,1.54121
4422,2.8094
4423,3.66527
4424,3.31122
4425,3.99962
4426,3.26313
4427,4.13003
4428,4.20605
4429,3.76655
4430,4.08022
4431,3.76594
4432,3.43449
4433,3.75636
4434,3.3663
4435,3.71763
4436,4.47705
4437,3.71505
4438,1.2343
4439,3.76681
4440,4.17825
4441,3.63085
4442,4.34896
4443,3.53003
4444,4.09945
4445,3.66536
4446,3.77062
4447,3.91856
4448,3.93012
4449,2.46241
4450,2.72057
4451,3.82871
4452,3.43693
4453,3.28804
4454,4.29578
4455,4.20602
4456,4.26732
4457,2.84151
4458,3.65163
4459,3.78155
4460,4.01129
4461,3.17215
4462,3.25803
4463,3.54826
4464,3.53475
4465,2.81253
4466,3.53489
4467,3.67512
4468,2.73427
4469,2.60501
4470,2.79058
4471,3.86949
4472,3.81599
4473,3.66298
4474,3.86454
4475,3.32508
4476,3.0064
4477,4.39253
4478,3.75643
4479,3.64638
4480,3.51612
4481,3.94066
4482,2.68478
4483,4.16917
4484,3.4788
4485,3.60584
4486,2.90837
4487,3.88668
4488,4.28754
4489,2.79405
4490,3.09473
4491,3.77232
4492,2.7163
4493,3.06366
4494,1.50188
4495,3.73994
4496,3.29058
4497,3.96951
4498,3.85621
4499,3.65149
4500,3.12084
4501,3.50051
4502,3.33574
4503,2.91234
4504,3.62315
4505,3.79492
4506,2.53587
4507,3.56645
4508,3.75652
4509,3.6965
4510,3.96267
4511,3.21825
4512,3.94515
4513,3.88026
4514,3.2331
4515,3.59551
4516,3.97565
4517,3.24642
4518,3.10009
4519,1.94837
4520,3.00301
4521,2.54165
4522,2.96037
4523,3.95685
4524,3.97794
4525,2.80186
4526,3.74435
4527,3.13819
4528,2.80484
4529,2.85005
4530,3.7753
4531,3.5308
4532,3.54803
4533,2.92178
4534,3.9628
4535,2.22903
4536,2.81953
4537,3.79238
4538,3.61895
4539,2.4366
4540,4.54601
4541,3.34641
4542,3.44726
4543,3.50741
4544,4.19009
4545,3.96538
4546,3.9362
4547,3.39992
4548,3.67634
4549,2.34416
4550,2.84209
4551,4.00839
4552,4.41161
4553,3.90697
4554,3.55842
4555,3.28832
4556,3.35574
4557,1.26674
4558,3.45672
4559,2.90972
4560,3.89345
4561,3.82232
4562,4.80674
4563,4.35442
4564,3.46401
4565,3.64446
4566,3.51774
4567,4.07142
4568,3.36496
4569,3.59512
4570,4.2857
4571,3.44876
4572,3.03385
4573,4.66135
4574,3.68126
4575,2.43406
4576,1.50445
4577,3.45689
4578,3.32521
4579,2.71325
4580,3.94076
4581,3.30151
4582,3.6842
4583,3.94932
4584,3.67822
4585,3.65631
4586,3.69211
4587,1.4072
4588,3.72536
4589,4.14507
4590,3.77351
4591,2.66475
4592,4.24417
4593,3.99941
4594,1.68253
4595,3.47368
4596,2.97402
4597,2.9657
4598,2.24254
4599,2.16096
4600,2.99101
4601,4.19274
4602,4.10297
4603,4.5187
4604,4.2762
4605,3.39178
4606,3.80632
4607,2.56931
4608,4.23991
4609,3.94979
4610,4.04447
4611,4.03287
4612,3.56149
4613,4.57424
4614,3.0179
4615,3.84613
4616,3.95008
4617,3.67086
4618,3.42803
4619,3.58781
4620,3.85231
4621,3.24584
4622,3.75671
4623,3.38742
4624,3.38654
4625,3.08527
4626,3.71484
4627,3.10916
4628,3.89711
4629,3.77108
4630,3.82882
4631,4.33447
4632,4.29417
4633,3.51654
4634,3.02537
4635,4.14487
4636,3.03461
4637,4.25992
4638,3.31987
4639,3.412
4640,3.71485
4641,2.33845
4642,4.10822
4643,5
4644,1.25199
4645,3.76109
4646,3.94817
4647,2.71314
4648,3.40762
4649,4.23615
4650,1.86575
4651,4.14275
4652,3.9448
4653,2.61335
4654,3.83095
4655,4.1285
4656,1.97138
4657,3.43482
4658,3.80539
4659,4.29915
4660,4.80498
4661,2.76845
4662,3.98742
4663,3.32592
4664,4.10864
4665,2.745
4666,4.31767
4667,2.95297
4668,1.69963
4669,1.47953
4670,3.99368
4671,3.68908
4672,3.00393
4673,3.43442
4674,4.58269
4675,4.24015
4676,2.52388
4677,3.21951
4678,3.80014
4679,3.24635
4680,2.32683
4681,3.92637
4682,2.89683
4683,4.17511
4684,3.9814
4685,3.84502
4686,3.68953
4687,4.08821
4688,4.04256
4689,3.91982
4690,2.17112
4691,3.30187
4692,3.24781
4693,3.95978
4694,3.83529
4695,4.45868
4696,3.48159
4697,4.41822
4698,3.25019
4699,3.6754
4700,1.98142
4701,4.27555
4702,3.8235
4703,2.67722
4704,4.39826
4705,3.32817
4706,4.00923
4707,2.93771
4708,3.00365
4709,3.61002
4710,3.58688
4711,3.94708
4712,3.76878
4713,2.25685
4714,2.72543
4715,3.04847
4716,2.53961
4717,3.90535
4718,3.59419
4719,3.39061
4720,3.51856
4721,3.39284
4722,3.86323
4723,3.51859
4724,3.91073
4725,3.5516
4726,3.87529
4727,4.12647
4728,3.71955
4729,2.01716
4730,3.70109
4731,3.44292
4732,2.09036
4733,3.95459
4734,4.12494
4735,3.56615
4736,4.56093
4737,3.44409
4738,3.63515
4739,3.68421
4740,2.99539
4741,3.72225
4742,3.41621
4743,2.86081
4744,3.85406
4745,4.20694
4746,3.44862
4747,3.4479
4748,3.73589
4749,4.49034
4750,3.04856
4751,3.42671
4752,3.99744
4753,3.11076
4754,3.717
4755,3.39422
4756,3.43346
4757,2.94482
4758,2.14786
4759,4.06209
4760,3.64274
4761,3.22022
4762,3.5217
4763,3.7934
4764,2.99977
4765,2.49056
4766,4.12598
4767,3.33203
4768,1.81371
4769,2.52812
4770,4.24759
4771,3.51481
4772,0.985952
4773,2.72916
4774,3.90499
4775,4.51104
4776,2.37509
4777,3.70602
4778,3.88962
4779,2.811
4780,3.84365
4781,3.62971
4782,3.52847
4783,3.84311
4784,2.60979
4785,4.06754
4786,4.24407
4787,2.78519
4788,3.20481
4789,3.81774
4790,4.11637
4791,4.5325
4792,4.13343
4793,4.25037
4794,3.82249
4795,3.52208
4796,3.4725
4797,3.74357
4798,1.26621
4799,3.04445
4800,3.19184
4801,2.65341
4802,4.17454
4803,3.99706
4804,4.4257
4805,3.5817
4806,3.45536
4807,2.89091
4808,3.8993
4809,2.28919
4810,3.60846
4811,3.84693
4812,3.58415
4813,3.23246
4814,2.74965
4815,3.82689
4816,3.0784
4817,3.10597
4818,1.34201
4819,3.64449
4820,3.85202
4821,3.89288
4822,3.79881
4823,3.13915
4824,4.43807
4825,4.10987
4826,2.84749
4827,3.9543
4828,3.82138
4829,3.66037
4830,3.11399
4831,3.8405
4832,4.04352
4833,3.33917
4834,3.26554
4835,3.13853
4836,2.57085
4837,4.04614
4838,3.86756
4839,2.88258
4840,3.95843
4841,4.06459
4842,3.24511
4843,4.15912
4844,4.66398
4845,3.1532
4846,2.7837
4847,4.09771
4848,3.66205
4849,4.0023
4850,4.04795
4851,4.17851
4852,3.46088
4853,2.29303
4854,3.33307
4855,2.16278
4856,4.38501
4857,4.4588
4858,3.95874
4859,2.21795
4860,2.88844
4861,2.98919
4862,1.75026
4863,3.69326
4864,3.25524
4865,3.25724
4866,4.05317
4867,3.87854
4868,2.53669
4869,3.91156
4870,3.14377
4871,3.22888
4872,3.54913
4873,4.68423
4874,1.88733
4875,3.17381
4876,3.68195
4877,4.20488
4878,3.71768
4879,3.30538
4880,2.4034
4881,3.91488
4882,3.27033
4883,3.21638
4884,3.63659
4885,4.04249
4886,3.10279
4887,3.46304
4888,3.95807
4889,2.69423
4890,3.96209
4891,3.20404
4892,3.00449
4893,2.94311
4894,3.19739
4895,2.47107
4896,4.17921
4897,4.1304
4898,4.17816
4899,3.47259
4900,3.15087
4901,3.61761
4902,2.73996
4903,2.96452
4904,3.05898
4905,4.24765
4906,4.01386
4907,3.86481
4908,4.15896
4909,3.62705
4910,3.73824
4911,2.60802
4912,1.89268
4913,3.61684
4914,3.23204
4915,4.38204
4916,4.58749
4917,3.58985
4918,4.6546
4919,2.71364
4920,3.2189
4921,3.23036
4922,3.55366
4923,3.40389
4924,2.60818
4925,3.50069
4926,4.02718
4927,2.64303
4928,4.02211
4929,2.97492
4930,4.31635
4931,3.91593
4932,3.30024
4933,2.78622
4934,3.4589
4935,3.19563
4936,3.07145
4937,3.20449
4938,4.13768
4939,3.83697
4940,2.84316
4941,2.87659
4942,3.81199
4943,4.04197
4944,3.62536
4945,4.05051
4946,3.96978
4947,3.41242
4948,4.05795
4949,3.66616
4950,2.78689
4951,3.72978
4952,3.61245
4953,3.01733
4954,2.65143
4955,3.75848
4956,4.43966
4957,4.48704
4958,4.39914
4959,4.43229
4960,2.35712
4961,3.28755
4962,3.51691
4963,3.72914
4964,2.70141
4965,2.97615
4966,2.31808
4967,4.14727
4968,3.07275
4969,3.79498
4970,2.44102
4971,2.46132
4972,3.91001
4973,2.07113
4974,3.83403
4975,3.89318
4976,3.63175
4977,3.83267
4978,4.41752
4979,2.81085
4980,4.08768
4981,3.8875
4982,3.13327
4983,4.12997
4984,3.71401
4985,3.34914
4986,3.63771
4987,3.75768
4988,2.86258
4989,3.20104
4990,2.98432
4991,3.73166
4992,3.72097
4993,2.73461
4994,3.41085
4995,3.57238
4996,2.4508
4997,3.57725
4998,4.59752
4999,3.99374
